dataset,lang,num_samples,total_tokens,avg_sentence_len,max_sentence_len,changed_tokens,changed_ratio,lai_accuracy,raw_vocab_size,norm_vocab_size,empty_norm_tokens,empty_norm_ratio,norm_contains_space_tokens,norm_contains_space_ratio,raw_contains_space_tokens,raw_oov_tokens,raw_oov_ratio,changed_raw_oov_tokens,changed_raw_oov_ratio,train_raw_vocab_size,mfr_seen_tokens,mfr_seen_ratio,mfr_token_accuracy,mfr_changed_seen_tokens,mfr_changed_seen_ratio,mfr_changed_correct_tokens,mfr_changed_correct_ratio
pseudo_missing_5lang,da,143,3396,23.748252,153,311,0.091578,0.908422,1420,1358,1,0.000294,11,0.003239,0,868,0.255595,154,0.495177,4038,2528,0.744405,0.945524,157,0.504823,139,0.446945
pseudo_missing_5lang,es,113,1487,13.159292,29,101,0.067922,0.932078,833,803,0,0.0,0,0.0,0,531,0.357095,75,0.742574,2551,956,0.642905,0.9462,26,0.257426,23,0.227723
pseudo_missing_5lang,it,118,2458,20.830508,35,180,0.07323,0.92677,1257,1213,0,0.0,5,0.002034,0,744,0.302685,103,0.572222,3900,1714,0.697315,0.936941,77,0.427778,45,0.25
pseudo_missing_5lang,tr,114,1246,10.929825,28,473,0.379615,0.620385,1013,977,5,0.004013,39,0.0313,0,771,0.61878,359,0.758985,3604,475,0.38122,0.670144,114,0.241015,77,0.162791
pseudo_missing_5lang,trde,160,2498,15.6125,28,646,0.258607,0.741393,1596,1534,22,0.008807,72,0.028823,0,1026,0.410729,401,0.620743,5178,1472,0.589271,0.791833,245,0.379257,154,0.23839
