{
  "dataset": "multilexnorm2026-dataset/data/validation-00000-of-00001.parquet",
  "predictions": "reports/v1/predictions_validation_full_v1.json",
  "overall": {
    "TP": 7185,
    "FP": 11113,
    "TN": 99820,
    "FN": 7259,
    "tokens": 125377,
    "correct": 107005,
    "changed_gold_tokens": 14444,
    "unchanged_gold_tokens": 110933,
    "length_mismatch_sentences": 0,
    "accuracy": 0.8534659467047385,
    "leave_as_is_accuracy": 0.8847954569019836,
    "precision": 0.39266586512187124,
    "recall": 0.4974383827194683,
    "f1": 0.43888583470771486,
    "ERR": -0.2719468291332041,
    "ERR_from_accuracy": -0.27194682913320356,
    "normalization_rate": 0.11520454309801638
  },
  "by_language": {
    "de": {
      "TP": 353,
      "FP": 254,
      "TN": 3733,
      "FN": 520,
      "tokens": 4860,
      "correct": 4086,
      "changed_gold_tokens": 873,
      "unchanged_gold_tokens": 3987,
      "length_mismatch_sentences": 0,
      "accuracy": 0.8407407407407408,
      "leave_as_is_accuracy": 0.8203703703703704,
      "precision": 0.5815485996705108,
      "recall": 0.4043528064146621,
      "f1": 0.47702702702702704,
      "ERR": 0.1134020618556701,
      "ERR_from_accuracy": 0.11340206185567014,
      "normalization_rate": 0.17962962962962964
    },
    "en": {
      "TP": 458,
      "FP": 698,
      "TN": 7838,
      "FN": 175,
      "tokens": 9169,
      "correct": 8296,
      "changed_gold_tokens": 633,
      "unchanged_gold_tokens": 8536,
      "length_mismatch_sentences": 0,
      "accuracy": 0.9047878721779911,
      "leave_as_is_accuracy": 0.9309630275929763,
      "precision": 0.3961937716262976,
      "recall": 0.7235387045813586,
      "f1": 0.5120178870877585,
      "ERR": -0.3791469194312796,
      "ERR_from_accuracy": -0.3791469194312796,
      "normalization_rate": 0.06903697240702367
    },
    "hr": {
      "TP": 643,
      "FP": 2869,
      "TN": 14389,
      "FN": 1040,
      "tokens": 18941,
      "correct": 15032,
      "changed_gold_tokens": 1683,
      "unchanged_gold_tokens": 17258,
      "length_mismatch_sentences": 0,
      "accuracy": 0.7936223008288897,
      "leave_as_is_accuracy": 0.9111451348925611,
      "precision": 0.1830865603644647,
      "recall": 0.3820558526440879,
      "f1": 0.24754571703561115,
      "ERR": -1.322638146167558,
      "ERR_from_accuracy": -1.3226381461675574,
      "normalization_rate": 0.08885486510743888
    },
    "id": {
      "TP": 1113,
      "FP": 80,
      "TN": 2169,
      "FN": 944,
      "tokens": 4306,
      "correct": 3282,
      "changed_gold_tokens": 2057,
      "unchanged_gold_tokens": 2249,
      "length_mismatch_sentences": 0,
      "accuracy": 0.7621922898281468,
      "leave_as_is_accuracy": 0.5222944728286112,
      "precision": 0.9329421626152556,
      "recall": 0.541079241614001,
      "f1": 0.6849230769230769,
      "ERR": 0.5021876519202723,
      "ERR_from_accuracy": 0.5021876519202724,
      "normalization_rate": 0.47770552717138876
    },
    "iden": {
      "TP": 389,
      "FP": 347,
      "TN": 3877,
      "FN": 196,
      "tokens": 4809,
      "correct": 4266,
      "changed_gold_tokens": 585,
      "unchanged_gold_tokens": 4224,
      "length_mismatch_sentences": 0,
      "accuracy": 0.8870867124142233,
      "leave_as_is_accuracy": 0.8783530879600748,
      "precision": 0.5285326086956522,
      "recall": 0.6649572649572649,
      "f1": 0.5889477668433005,
      "ERR": 0.07179487179487179,
      "ERR_from_accuracy": 0.07179487179487194,
      "normalization_rate": 0.12164691203992514
    },
    "ja": {
      "TP": 116,
      "FP": 314,
      "TN": 9922,
      "FN": 567,
      "tokens": 10919,
      "correct": 10038,
      "changed_gold_tokens": 683,
      "unchanged_gold_tokens": 10236,
      "length_mismatch_sentences": 0,
      "accuracy": 0.919314955582013,
      "leave_as_is_accuracy": 0.9374484842934334,
      "precision": 0.26976744186046514,
      "recall": 0.1698389458272328,
      "f1": 0.20844564240790656,
      "ERR": -0.28989751098096633,
      "ERR_from_accuracy": -0.2898975109809648,
      "normalization_rate": 0.06255151570656653
    },
    "ko": {
      "TP": 16,
      "FP": 440,
      "TN": 1274,
      "FN": 150,
      "tokens": 1880,
      "correct": 1290,
      "changed_gold_tokens": 166,
      "unchanged_gold_tokens": 1714,
      "length_mismatch_sentences": 0,
      "accuracy": 0.6861702127659575,
      "leave_as_is_accuracy": 0.9117021276595745,
      "precision": 0.03508771929824561,
      "recall": 0.0963855421686747,
      "f1": 0.05144694533762058,
      "ERR": -2.5542168674698793,
      "ERR_from_accuracy": -2.5542168674698797,
      "normalization_rate": 0.08829787234042553
    },
    "nl": {
      "TP": 402,
      "FP": 159,
      "TN": 2611,
      "FN": 691,
      "tokens": 3863,
      "correct": 3013,
      "changed_gold_tokens": 1093,
      "unchanged_gold_tokens": 2770,
      "length_mismatch_sentences": 0,
      "accuracy": 0.7799637587367331,
      "leave_as_is_accuracy": 0.717059280352058,
      "precision": 0.7165775401069518,
      "recall": 0.3677950594693504,
      "f1": 0.48609431680773885,
      "ERR": 0.222323879231473,
      "ERR_from_accuracy": 0.2223238792314728,
      "normalization_rate": 0.28294071964794204
    },
    "sl": {
      "TP": 1249,
      "FP": 1552,
      "TN": 11368,
      "FN": 1142,
      "tokens": 15311,
      "correct": 12617,
      "changed_gold_tokens": 2391,
      "unchanged_gold_tokens": 12920,
      "length_mismatch_sentences": 0,
      "accuracy": 0.8240480700150219,
      "leave_as_is_accuracy": 0.8438377636993012,
      "precision": 0.4459121742234916,
      "recall": 0.5223755750731911,
      "f1": 0.48112480739599384,
      "ERR": -0.12672521957340024,
      "ERR_from_accuracy": -0.1267252195734004,
      "normalization_rate": 0.15616223630069884
    },
    "sr": {
      "TP": 532,
      "FP": 3558,
      "TN": 12877,
      "FN": 829,
      "tokens": 17796,
      "correct": 13409,
      "changed_gold_tokens": 1361,
      "unchanged_gold_tokens": 16435,
      "length_mismatch_sentences": 0,
      "accuracy": 0.7534839289728029,
      "leave_as_is_accuracy": 0.9235221398066982,
      "precision": 0.13007334963325184,
      "recall": 0.3908890521675239,
      "f1": 0.19519354246927173,
      "ERR": -2.2233651726671564,
      "ERR_from_accuracy": -2.2233651726671577,
      "normalization_rate": 0.07647786019330187
    },
    "th": {
      "TP": 348,
      "FP": 641,
      "TN": 18445,
      "FN": 438,
      "tokens": 19872,
      "correct": 18793,
      "changed_gold_tokens": 786,
      "unchanged_gold_tokens": 19086,
      "length_mismatch_sentences": 0,
      "accuracy": 0.9457024959742351,
      "leave_as_is_accuracy": 0.9604468599033816,
      "precision": 0.3518705763397371,
      "recall": 0.44274809160305345,
      "f1": 0.39211267605633804,
      "ERR": -0.3727735368956743,
      "ERR_from_accuracy": -0.37277353689567516,
      "normalization_rate": 0.03955314009661836
    },
    "vi": {
      "TP": 1566,
      "FP": 201,
      "TN": 11317,
      "FN": 567,
      "tokens": 13651,
      "correct": 12883,
      "changed_gold_tokens": 2133,
      "unchanged_gold_tokens": 11518,
      "length_mismatch_sentences": 0,
      "accuracy": 0.9437403853197568,
      "leave_as_is_accuracy": 0.8437477107904183,
      "precision": 0.8862478777589134,
      "recall": 0.7341772151898734,
      "f1": 0.8030769230769231,
      "ERR": 0.639943741209564,
      "ERR_from_accuracy": 0.6399437412095639,
      "normalization_rate": 0.1562522892095817
    }
  },
  "macro_ERR": -0.47659259726450526,
  "language_count": 12
}
